{
  "file": "/Users/emqtt/workspace/actorcloud/src/apps/devices/views/GroupDetails.vue",
  "fileName": "GroupDetails.vue",
  "namespace": "groupDetails",
  "rows": {
    "4": {
      "key": "__4",
      "value": "分组",
      "template": [
        "分组",
        "{{ $t('groupDetails.__4') }}"
      ],
      "script": false
    },
    "18": {
      "key": "groupID",
      "value": "分组标识",
      "template": [
        "label=\"分组标识\"",
        ":label=\"$t('groupDetails.groupID')\""
      ],
      "script": false
    },
    "22": {
      "key": "__22",
      "value": "请输入分组标识",
      "template": [
        "请输入分组标识",
        "{{ $t('groupDetails.__22') }}"
      ],
      "script": false
    },
    "28": {
      "key": "groupName",
      "value": "分组名称",
      "template": [
        "label=\"分组名称\"",
        ":label=\"$t('groupDetails.groupName')\""
      ],
      "script": false
    },
    "32": {
      "key": "__32",
      "value": "请输入分组名称",
      "template": [
        "请输入分组名称",
        "{{ $t('groupDetails.__32') }}"
      ],
      "script": false
    },
    "38": {
      "key": "__38",
      "value": "分组所属产品",
      "template": [
        "分组所属产品",
        "{{ $t('groupDetails.__38') }}"
      ],
      "script": false
    },
    "43": {
      "key": "__43",
      "value": "请选择",
      "template": [
        "请选择",
        "{{ $t('groupDetails.__43') }}"
      ],
      "script": false
    },
    "49": {
      "key": "__49",
      "value": "分组描述",
      "template": [
        "分组描述",
        "{{ $t('groupDetails.__49') }}"
      ],
      "script": false
    },
    "53": {
      "key": "__53",
      "value": "请输入分组描述",
      "template": [
        "请输入分组描述",
        "{{ $t('groupDetails.__53') }}"
      ],
      "script": false
    },
    "59": {
      "key": "createUser",
      "value": "创建人",
      "template": [
        "label=\"创建人\"",
        ":label=\"$t('groupDetails.createUser')\""
      ],
      "script": false
    },
    "67": {
      "key": "__67",
      "value": "创建时间",
      "template": [
        "创建时间",
        "{{ $t('groupDetails.__67') }}"
      ],
      "script": false
    },
    "79": {
      "key": "__79",
      "value": "包含设备",
      "template": [
        "包含设备",
        "{{ $t('groupDetails.__79') }}"
      ],
      "script": false
    },
    "82": {
      "key": "__82",
      "value": "包含设备",
      "template": [
        "包含设备",
        "{{ $t('groupDetails.__82') }}"
      ],
      "script": false
    },
    "86": {
      "key": "__86",
      "value": "添加设备",
      "template": [
        "添加设备",
        "{{ $t('groupDetails.__86') }}"
      ],
      "script": false
    },
    "93": {
      "key": "deviceName",
      "value": "设备名称",
      "template": [
        "label=\"设备名称\"",
        ":label=\"$t('groupDetails.deviceName')\""
      ],
      "script": false
    },
    "94": {
      "key": "__94",
      "value": "终端类型",
      "template": [
        "终端类型",
        "{{ $t('groupDetails.__94') }}"
      ],
      "script": false
    },
    "95": {
      "key": "deviceID",
      "value": "设备编号",
      "template": [
        "label=\"设备编号\"",
        ":label=\"$t('groupDetails.deviceID')\""
      ],
      "script": false
    },
    "101": {
      "key": "__101",
      "value": "删除",
      "template": [
        "删除",
        "{{ $t('groupDetails.__101') }}"
      ],
      "script": false
    },
    "114": {
      "key": "__114",
      "value": "设备控制",
      "template": [
        "设备控制",
        "{{ $t('groupDetails.__114') }}"
      ],
      "script": false
    },
    "118": {
      "key": "__118",
      "value": "添加指令",
      "template": [
        "添加指令",
        "{{ $t('groupDetails.__118') }}"
      ],
      "script": false
    },
    "129": {
      "key": "__129",
      "value": "添加设备",
      "template": [
        "添加设备",
        "{{ $t('groupDetails.__129') }}"
      ],
      "script": false
    },
    "131": {
      "key": "__131",
      "value": "添加设备",
      "template": [
        "添加设备",
        "{{ $t('groupDetails.__131') }}"
      ],
      "script": false
    },
    "134": {
      "key": "__134",
      "value": "可输入设备名称搜索",
      "template": [
        "可输入设备名称搜索",
        "{{ $t('groupDetails.__134') }}"
      ],
      "script": false
    },
    "140": {
      "key": "__140",
      "value": "请选择",
      "template": [
        "请选择",
        "{{ $t('groupDetails.__140') }}"
      ],
      "script": false
    },
    "158": {
      "key": "__158",
      "value": "上一页",
      "template": [
        "上一页",
        "{{ $t('groupDetails.__158') }}"
      ],
      "script": false
    },
    "159": {
      "key": "__159",
      "value": "下一页",
      "template": [
        "下一页",
        "{{ $t('groupDetails.__159') }}"
      ],
      "script": false
    },
    "168": {
      "key": "__168",
      "value": "删除警告弹框",
      "template": [
        "删除警告弹框",
        "{{ $t('groupDetails.__168') }}"
      ],
      "script": false
    },
    "170": {
      "key": "__170",
      "value": "警告",
      "template": [
        "警告",
        "{{ $t('groupDetails.__170') }}"
      ],
      "script": false
    },
    "173": {
      "key": "__173",
      "value": "确认删除",
      "template": [
        "确认删除",
        "{{ $t('groupDetails.__173') }}"
      ],
      "script": false
    },
    "176": {
      "key": "__176",
      "value": "完成",
      "template": [
        "完成",
        "{{ $t('groupDetails.__176') }}"
      ],
      "script": false
    },
    "235": {
      "key": "__235",
      "value": "请输入分组名称",
      "template": [
        "'请输入分组名称'",
        "this.$t('groupDetails.__235')",
        "__235"
      ],
      "script": true
    },
    "238": {
      "key": "__238",
      "value": "请选择分组所属的产品",
      "template": [
        "'请选择分组所属的产品'",
        "this.$t('groupDetails.__238')",
        "__238"
      ],
      "script": true
    },
    "241": {
      "key": "__241",
      "value": "请输入分组描述",
      "template": [
        "'请输入分组描述'",
        "this.$t('groupDetails.__241')",
        "__241"
      ],
      "script": true
    },
    "307": {
      "key": "__307",
      "value": "所选设备不能为空",
      "template": [
        "'所选设备不能为空'",
        "this.$t('groupDetails.__307')",
        "__307"
      ],
      "script": true
    },
    "312": {
      "key": "__312",
      "value": "添加成功",
      "template": [
        "'添加成功'",
        "this.$t('groupDetails.__312')",
        "__312"
      ],
      "script": true
    },
    "317": {
      "key": "__317",
      "value": "添加失败",
      "template": [
        "'添加失败'",
        "this.$t('groupDetails.__317')",
        "__317"
      ],
      "script": true
    },
    "333": {
      "key": "__333",
      "value": "删除成功",
      "template": [
        "'删除成功'",
        "this.$t('groupDetails.__333')",
        "__333"
      ],
      "script": true
    },
    "336": {
      "key": "__336",
      "value": "删除失败",
      "template": [
        "'删除失败'",
        "this.$t('groupDetails.__336')",
        "__336"
      ],
      "script": true
    }
  },
  "key": {
    "__4": "分组",
    "__22": "请输入分组标识",
    "__32": "请输入分组名称",
    "__38": "分组所属产品",
    "__43": "请选择",
    "__49": "分组描述",
    "__53": "请输入分组描述",
    "__67": "创建时间",
    "__79": "包含设备",
    "__82": "包含设备",
    "__86": "添加设备",
    "__94": "终端类型",
    "__101": "删除",
    "__114": "设备控制",
    "__118": "添加指令",
    "__129": "添加设备",
    "__131": "添加设备",
    "__134": "可输入设备名称搜索",
    "__140": "请选择",
    "__158": "上一页",
    "__159": "下一页",
    "__168": "删除警告弹框",
    "__170": "警告",
    "__173": "确认删除",
    "__176": "完成",
    "__235": "请输入分组名称",
    "__238": "请选择分组所属的产品",
    "__241": "请输入分组描述",
    "__307": "所选设备不能为空",
    "__312": "添加成功",
    "__317": "添加失败",
    "__333": "删除成功",
    "__336": "删除失败"
  },
  "zhCode": {
    "__4": "分组",
    "groupID": "分组标识",
    "__22": "请输入分组标识",
    "groupName": "分组名称",
    "__32": "请输入分组名称",
    "__38": "分组所属产品",
    "__43": "请选择",
    "__49": "分组描述",
    "__53": "请输入分组描述",
    "createUser": "创建人",
    "__67": "创建时间",
    "__79": "包含设备",
    "__82": "包含设备",
    "__86": "添加设备",
    "deviceName": "设备名称",
    "__94": "终端类型",
    "deviceID": "设备编号",
    "__101": "删除",
    "__114": "设备控制",
    "__118": "添加指令",
    "__129": "添加设备",
    "__131": "添加设备",
    "__134": "可输入设备名称搜索",
    "__140": "请选择",
    "__158": "上一页",
    "__159": "下一页",
    "__168": "删除警告弹框",
    "__170": "警告",
    "__173": "确认删除",
    "__176": "完成",
    "__235": "请输入分组名称",
    "__238": "请选择分组所属的产品",
    "__241": "请输入分组描述",
    "__307": "所选设备不能为空",
    "__312": "添加成功",
    "__317": "添加失败",
    "__333": "删除成功",
    "__336": "删除失败"
  },
  "enCode": {
    "__4": "分组",
    "groupID": "GroupID",
    "__22": "请输入分组标识",
    "groupName": "Group Name",
    "__32": "请输入分组名称",
    "__38": "分组所属产品",
    "__43": "请选择",
    "__49": "分组描述",
    "__53": "请输入分组描述",
    "createUser": "Create User",
    "__67": "创建时间",
    "__79": "包含设备",
    "__82": "包含设备",
    "__86": "添加设备",
    "deviceName": "Device Name",
    "__94": "终端类型",
    "deviceID": "DeviceID",
    "__101": "删除",
    "__114": "设备控制",
    "__118": "添加指令",
    "__129": "添加设备",
    "__131": "添加设备",
    "__134": "可输入设备名称搜索",
    "__140": "请选择",
    "__158": "上一页",
    "__159": "下一页",
    "__168": "删除警告弹框",
    "__170": "警告",
    "__173": "确认删除",
    "__176": "完成",
    "__235": "请输入分组名称",
    "__238": "请选择分组所属的产品",
    "__241": "请输入分组描述",
    "__307": "所选设备不能为空",
    "__312": "添加成功",
    "__317": "添加失败",
    "__333": "删除成功",
    "__336": "删除失败"
  }
}