{
  "file": "/Users/emqtt/workspace/actorcloud/src/apps/base/views/404.vue",
  "fileName": "404.vue",
  "namespace": "404",
  "rows": {
    "3": {
      "key": "__3",
      "value": "您访问的页面不存在！",
      "template": [
        "您访问的页面不存在！",
        "{{ $t('404.__3') }}"
      ],
      "script": false
    },
    "4": {
      "key": "__4",
      "value": "返回首页",
      "template": [
        "返回首页",
        "{{ $t('404.__4') }}"
      ],
      "script": false
    }
  },
  "key": {
    "__3": "您访问的页面不存在！",
    "__4": "返回首页"
  },
  "zhCode": {
    "__3": "您访问的页面不存在！",
    "__4": "返回首页"
  },
  "enCode": {
    "__3": "您访问的页面不存在！",
    "__4": "返回首页"
  }
}