{
  "file": "/Users/emqtt/workspace/actorcloud/src/apps/base/views/Dashboard.vue",
  "fileName": "Dashboard.vue",
  "namespace": "dashboard",
  "rows": {
    "8": {
      "key": "deviceCount",
      "value": "设备数量",
      "template": [
        "label=\"设备数量\"",
        ":label=\"$t('dashboard.deviceCount')\""
      ],
      "script": false
    },
    "23": {
      "key": "__23",
      "value": "产品数量",
      "template": [
        "产品数量",
        "{{ $t('dashboard.__23') }}"
      ],
      "script": false
    },
    "38": {
      "key": "__38",
      "value": "分组数量",
      "template": [
        "分组数量",
        "{{ $t('dashboard.__38') }}"
      ],
      "script": false
    },
    "53": {
      "key": "__53",
      "value": "用户数量",
      "template": [
        "用户数量",
        "{{ $t('dashboard.__53') }}"
      ],
      "script": false
    },
    "69": {
      "key": "__69",
      "value": "当前设备在线情况",
      "template": [
        "当前设备在线情况",
        "{{ $t('dashboard.__69') }}"
      ],
      "script": false
    },
    "75": {
      "key": "__75",
      "value": "当前设备在线情况",
      "template": [
        "当前设备在线情况",
        "{{ $t('dashboard.__75') }}"
      ],
      "script": false
    },
    "81": {
      "key": "__81",
      "value": "设备总数：",
      "template": [
        "设备总数：",
        "{{ $t('dashboard.__81') }}"
      ],
      "script": false
    },
    "82": {
      "key": "__82",
      "value": "在线设备数：",
      "template": [
        "在线设备数：",
        "{{ $t('dashboard.__82') }}"
      ],
      "script": false
    },
    "83": {
      "key": "__83",
      "value": "离线设备数：",
      "template": [
        "离线设备数：",
        "{{ $t('dashboard.__83') }}"
      ],
      "script": false
    },
    "84": {
      "key": "__84",
      "value": "休眠设备数：",
      "template": [
        "休眠设备数：",
        "{{ $t('dashboard.__84') }}"
      ],
      "script": false
    },
    "105": {
      "key": "__105",
      "value": "连接总次数：",
      "template": [
        "连接总次数：",
        "{{ $t('dashboard.__105') }}"
      ],
      "script": false
    },
    "106": {
      "key": "__106",
      "value": "连接失败数：",
      "template": [
        "连接失败数：",
        "{{ $t('dashboard.__106') }}"
      ],
      "script": false
    },
    "107": {
      "key": "__107",
      "value": "连接成功数：",
      "template": [
        "连接成功数：",
        "{{ $t('dashboard.__107') }}"
      ],
      "script": false
    },
    "118": {
      "key": "__118",
      "value": "设备总数",
      "template": [
        "设备总数",
        "{{ $t('dashboard.__118') }}"
      ],
      "script": false
    },
    "127": {
      "key": "__127",
      "value": "设备总数",
      "template": [
        "设备总数",
        "{{ $t('dashboard.__127') }}"
      ],
      "script": false
    },
    "140": {
      "key": "__140",
      "value": "设备在线情况",
      "template": [
        "设备在线情况",
        "{{ $t('dashboard.__140') }}"
      ],
      "script": false
    },
    "158": {
      "key": "__158",
      "value": "下个版本提供",
      "template": [
        "下个版本提供",
        "{{ $t('dashboard.__158') }}"
      ],
      "script": false
    },
    "163": {
      "key": "__163",
      "value": "设备故障情况",
      "template": [
        "设备故障情况",
        "{{ $t('dashboard.__163') }}"
      ],
      "script": false
    },
    "224": {
      "key": "__224",
      "value": "在线设备数",
      "template": [
        "'在线设备数'",
        "this.$t('dashboard.__224')",
        "__224"
      ],
      "script": true
    },
    "225": {
      "key": "__225",
      "value": "离线设备数",
      "template": [
        "'离线设备数'",
        "this.$t('dashboard.__225')",
        "__225"
      ],
      "script": true
    },
    "226": {
      "key": "__226",
      "value": "休眠设备数",
      "template": [
        "'休眠设备数'",
        "this.$t('dashboard.__226')",
        "__226"
      ],
      "script": true
    },
    "230": {
      "key": "__230",
      "value": "连接失败数",
      "template": [
        "'连接失败数'",
        "this.$t('dashboard.__230')",
        "__230"
      ],
      "script": true
    },
    "231": {
      "key": "__231",
      "value": "连接成功数",
      "template": [
        "'连接成功数'",
        "this.$t('dashboard.__231')",
        "__231"
      ],
      "script": true
    },
    "235": {
      "key": "__235",
      "value": "时",
      "template": [
        "'时'",
        "this.$t('dashboard.__235')",
        "__235"
      ],
      "script": true
    },
    "236": {
      "key": "__236",
      "value": "日",
      "template": [
        "'日'",
        "this.$t('dashboard.__236')",
        "__236"
      ],
      "script": true
    },
    "237": {
      "key": "__237",
      "value": "月",
      "template": [
        "'月'",
        "this.$t('dashboard.__237')",
        "__237"
      ],
      "script": true
    },
    "287": {
      "key": "__287",
      "value": "在线设备数",
      "template": [
        "'在线设备数'",
        "this.$t('dashboard.__287')",
        "__287"
      ],
      "script": true
    },
    "288": {
      "key": "__288",
      "value": "离线设备数",
      "template": [
        "'离线设备数'",
        "this.$t('dashboard.__288')",
        "__288"
      ],
      "script": true
    },
    "289": {
      "key": "__289",
      "value": "休眠设备数",
      "template": [
        "'休眠设备数'",
        "this.$t('dashboard.__289')",
        "__289"
      ],
      "script": true
    },
    "292": {
      "key": "__292",
      "value": "连接失败数",
      "template": [
        "'连接失败数'",
        "this.$t('dashboard.__292')",
        "__292"
      ],
      "script": true
    },
    "293": {
      "key": "__293",
      "value": "连接成功数",
      "template": [
        "'连接成功数'",
        "this.$t('dashboard.__293')",
        "__293"
      ],
      "script": true
    }
  },
  "key": {
    "__23": "产品数量",
    "__38": "分组数量",
    "__53": "用户数量",
    "__69": "当前设备在线情况",
    "__75": "当前设备在线情况",
    "__81": "设备总数：",
    "__82": "在线设备数：",
    "__83": "离线设备数：",
    "__84": "休眠设备数：",
    "__105": "连接总次数：",
    "__106": "连接失败数：",
    "__107": "连接成功数：",
    "__118": "设备总数",
    "__127": "设备总数",
    "__140": "设备在线情况",
    "__158": "下个版本提供",
    "__163": "设备故障情况",
    "__224": "在线设备数",
    "__225": "离线设备数",
    "__226": "休眠设备数",
    "__230": "连接失败数",
    "__231": "连接成功数",
    "__235": "时",
    "__236": "日",
    "__237": "月",
    "__287": "在线设备数",
    "__288": "离线设备数",
    "__289": "休眠设备数",
    "__292": "连接失败数",
    "__293": "连接成功数"
  },
  "zhCode": {
    "deviceCount": "设备数量",
    "__23": "产品数量",
    "__38": "分组数量",
    "__53": "用户数量",
    "__69": "当前设备在线情况",
    "__75": "当前设备在线情况",
    "__81": "设备总数：",
    "__82": "在线设备数：",
    "__83": "离线设备数：",
    "__84": "休眠设备数：",
    "__105": "连接总次数：",
    "__106": "连接失败数：",
    "__107": "连接成功数：",
    "__118": "设备总数",
    "__127": "设备总数",
    "__140": "设备在线情况",
    "__158": "下个版本提供",
    "__163": "设备故障情况",
    "__224": "在线设备数",
    "__225": "离线设备数",
    "__226": "休眠设备数",
    "__230": "连接失败数",
    "__231": "连接成功数",
    "__235": "时",
    "__236": "日",
    "__237": "月",
    "__287": "在线设备数",
    "__288": "离线设备数",
    "__289": "休眠设备数",
    "__292": "连接失败数",
    "__293": "连接成功数"
  },
  "enCode": {
    "deviceCount": "Device Count",
    "__23": "产品数量",
    "__38": "分组数量",
    "__53": "用户数量",
    "__69": "当前设备在线情况",
    "__75": "当前设备在线情况",
    "__81": "设备总数：",
    "__82": "在线设备数：",
    "__83": "离线设备数：",
    "__84": "休眠设备数：",
    "__105": "连接总次数：",
    "__106": "连接失败数：",
    "__107": "连接成功数：",
    "__118": "设备总数",
    "__127": "设备总数",
    "__140": "设备在线情况",
    "__158": "下个版本提供",
    "__163": "设备故障情况",
    "__224": "在线设备数",
    "__225": "离线设备数",
    "__226": "休眠设备数",
    "__230": "连接失败数",
    "__231": "连接成功数",
    "__235": "时",
    "__236": "日",
    "__237": "月",
    "__287": "在线设备数",
    "__288": "离线设备数",
    "__289": "休眠设备数",
    "__292": "连接失败数",
    "__293": "连接成功数"
  }
}