{
  "file": "/Users/emqtt/workspace/actorcloud/src/apps/devices/views/DeviceDetailsEvents.vue",
  "fileName": "DeviceDetailsEvents.vue",
  "namespace": "deviceDetailsEvents",
  "rows": {
    "4": {
      "key": "__4",
      "value": "设备",
      "template": [
        "设备",
        "{{ $t('deviceDetailsEvents.__4') }}"
      ],
      "script": false
    },
    "5": {
      "key": "__5",
      "value": "设备事件",
      "template": [
        "设备事件",
        "{{ $t('deviceDetailsEvents.__5') }}"
      ],
      "script": false
    },
    "13": {
      "key": "__13",
      "value": "设备事件",
      "template": [
        "设备事件",
        "{{ $t('deviceDetailsEvents.__13') }}"
      ],
      "script": false
    },
    "25": {
      "key": "topic",
      "value": "主题",
      "template": [
        "label=\"主题\"",
        ":label=\"$t('deviceDetailsEvents.topic')\""
      ],
      "script": false
    },
    "29": {
      "key": "payload",
      "value": "载荷",
      "template": [
        "label=\"载荷\"",
        ":label=\"$t('deviceDetailsEvents.payload')\""
      ],
      "script": false
    },
    "33": {
      "key": "loginTime",
      "value": "发生时间",
      "template": [
        "label=\"发生时间\"",
        ":label=\"$t('deviceDetailsEvents.loginTime')\""
      ],
      "script": false
    },
    "112": {
      "key": "__112",
      "value": "暂无数据",
      "template": [
        "'暂无数据'",
        "this.$t('deviceDetailsEvents.__112')",
        "__112"
      ],
      "script": true
    }
  },
  "key": {
    "__4": "设备",
    "__5": "设备事件",
    "__13": "设备事件",
    "__112": "暂无数据"
  },
  "zhCode": {
    "__4": "设备",
    "__5": "设备事件",
    "__13": "设备事件",
    "topic": "主题",
    "payload": "载荷",
    "loginTime": "发生时间",
    "__112": "暂无数据"
  },
  "enCode": {
    "__4": "设备",
    "__5": "设备事件",
    "__13": "设备事件",
    "topic": "Topic",
    "payload": "Payload",
    "loginTime": "Login Time",
    "__112": "暂无数据"
  }
}