{
  "file": "/Users/emqtt/workspace/actorcloud/src/apps/devices/views/Devices.vue",
  "fileName": "Devices.vue",
  "namespace": "devices",
  "rows": {
    "15": {
      "key": "__15",
      "value": "新建",
      "template": [
        "新建",
        "{{ $t('devices.__15') }}"
      ],
      "script": false
    },
    "19": {
      "key": "deviceName",
      "value": "设备名称",
      "template": [
        "label=\"设备名称\"",
        ":label=\"$t('devices.deviceName')\""
      ],
      "script": false
    },
    "29": {
      "key": "productID",
      "value": "所属产品",
      "template": [
        "label=\"所属产品\"",
        ":label=\"$t('devices.productID')\""
      ],
      "script": false
    },
    "33": {
      "key": "deviceType",
      "value": "设备类型",
      "template": [
        "label=\"设备类型\"",
        ":label=\"$t('devices.deviceType')\""
      ],
      "script": false
    },
    "37": {
      "key": "__37",
      "value": "创建时间",
      "template": [
        "创建时间",
        "{{ $t('devices.__37') }}"
      ],
      "script": false
    },
    "67": {
      "key": "__67",
      "value": "新建设备",
      "template": [
        "'新建设备'",
        "this.$t('devices.__67')",
        "__67"
      ],
      "script": true
    },
    "68": {
      "key": "__68",
      "value": "您还没有任何设备",
      "template": [
        "'您还没有任何设备'",
        "this.$t('devices.__68')",
        "__68"
      ],
      "script": true
    },
    "69": {
      "key": "__69",
      "value": "创建设备前，请先创建产品",
      "template": [
        "'创建设备前，请先创建产品'",
        "this.$t('devices.__69')",
        "__69"
      ],
      "script": true
    },
    "75": {
      "key": "deviceName",
      "value": "设备名称",
      "template": [
        "'设备名称'",
        "this.$t('devices.deviceName')"
      ],
      "script": true
    },
    "79": {
      "key": "deviceID",
      "value": "设备编号",
      "template": [
        "'设备编号'",
        "this.$t('devices.deviceID')"
      ],
      "script": true
    }
  },
  "key": {
    "__15": "新建",
    "__37": "创建时间",
    "__67": "新建设备",
    "__68": "您还没有任何设备",
    "__69": "创建设备前，请先创建产品"
  },
  "zhCode": {
    "__15": "新建",
    "deviceName": "设备名称",
    "productID": "所属产品",
    "deviceType": "设备类型",
    "__37": "创建时间",
    "__67": "新建设备",
    "__68": "您还没有任何设备",
    "__69": "创建设备前，请先创建产品",
    "deviceID": "设备编号"
  },
  "enCode": {
    "__15": "新建",
    "deviceName": "Device Name",
    "productID": "ProductID",
    "deviceType": "Device Type",
    "__37": "创建时间",
    "__67": "新建设备",
    "__68": "您还没有任何设备",
    "__69": "创建设备前，请先创建产品",
    "deviceID": "DeviceID"
  }
}