{
  "file": "/Users/emqtt/workspace/actorcloud/src/apps/devices/views/DevicesCreate.vue",
  "fileName": "DevicesCreate.vue",
  "namespace": "devicesCreate",
  "rows": {
    "4": {
      "key": "__4",
      "value": "设备",
      "template": [
        "设备",
        "{{ $t('devicesCreate.__4') }}"
      ],
      "script": false
    },
    "5": {
      "key": "__5",
      "value": "新建",
      "template": [
        "新建",
        "{{ $t('devicesCreate.__5') }}"
      ],
      "script": false
    },
    "14": {
      "key": "__14",
      "value": "设备信息",
      "template": [
        "设备信息",
        "{{ $t('devicesCreate.__14') }}"
      ],
      "script": false
    },
    "19": {
      "key": "__19",
      "value": "认证信息",
      "template": [
        "认证信息",
        "{{ $t('devicesCreate.__19') }}"
      ],
      "script": false
    },
    "32": {
      "key": "deviceName",
      "value": "设备名称",
      "template": [
        "label=\"设备名称\"",
        ":label=\"$t('devicesCreate.deviceName')\""
      ],
      "script": false
    },
    "36": {
      "key": "__36",
      "value": "请输入设备名称",
      "template": [
        "请输入设备名称",
        "{{ $t('devicesCreate.__36') }}"
      ],
      "script": false
    },
    "42": {
      "key": "__42",
      "value": "或",
      "template": [
        "或",
        "{{ $t('devicesCreate.__42') }}"
      ],
      "script": false
    },
    "45": {
      "key": "__45",
      "value": "新建产品",
      "template": [
        "新建产品",
        "{{ $t('devicesCreate.__45') }}"
      ],
      "script": false
    },
    "48": {
      "key": "productID",
      "value": "所属产品",
      "template": [
        "label=\"所属产品\"",
        ":label=\"$t('devicesCreate.productID')\""
      ],
      "script": false
    },
    "53": {
      "key": "__53",
      "value": "请选择",
      "template": [
        "请选择",
        "{{ $t('devicesCreate.__53') }}"
      ],
      "script": false
    },
    "59": {
      "key": "deviceType",
      "value": "设备类型",
      "template": [
        "label=\"设备类型\"",
        ":label=\"$t('devicesCreate.deviceType')\""
      ],
      "script": false
    },
    "64": {
      "key": "__64",
      "value": "请选择",
      "template": [
        "请选择",
        "{{ $t('devicesCreate.__64') }}"
      ],
      "script": false
    },
    "70": {
      "key": "manufacturer",
      "value": "制造商",
      "template": [
        "label=\"制造商\"",
        ":label=\"$t('devicesCreate.manufacturer')\""
      ],
      "script": false
    },
    "73": {
      "key": "__73",
      "value": "请输入制造商",
      "template": [
        "请输入制造商",
        "{{ $t('devicesCreate.__73') }}"
      ],
      "script": false
    },
    "79": {
      "key": "serialNumber",
      "value": "序列号",
      "template": [
        "label=\"序列号\"",
        ":label=\"$t('devicesCreate.serialNumber')\""
      ],
      "script": false
    },
    "82": {
      "key": "__82",
      "value": "请输入序列号",
      "template": [
        "请输入序列号",
        "{{ $t('devicesCreate.__82') }}"
      ],
      "script": false
    },
    "88": {
      "key": "softVersion",
      "value": "软件版本",
      "template": [
        "label=\"软件版本\"",
        ":label=\"$t('devicesCreate.softVersion')\""
      ],
      "script": false
    },
    "91": {
      "key": "__91",
      "value": "请输入软件版本",
      "template": [
        "请输入软件版本",
        "{{ $t('devicesCreate.__91') }}"
      ],
      "script": false
    },
    "97": {
      "key": "hardwareVersion",
      "value": "硬件版本",
      "template": [
        "label=\"硬件版本\"",
        ":label=\"$t('devicesCreate.hardwareVersion')\""
      ],
      "script": false
    },
    "100": {
      "key": "__100",
      "value": "请输入硬件版本",
      "template": [
        "请输入硬件版本",
        "{{ $t('devicesCreate.__100') }}"
      ],
      "script": false
    },
    "106": {
      "key": "__106",
      "value": "描述",
      "template": [
        "描述",
        "{{ $t('devicesCreate.__106') }}"
      ],
      "script": false
    },
    "109": {
      "key": "__109",
      "value": "请添加描述",
      "template": [
        "请添加描述",
        "{{ $t('devicesCreate.__109') }}"
      ],
      "script": false
    },
    "115": {
      "key": "location",
      "value": "安装位置",
      "template": [
        "label=\"安装位置\"",
        ":label=\"$t('devicesCreate.location')\""
      ],
      "script": false
    },
    "118": {
      "key": "__118",
      "value": "请选择安装位置",
      "template": [
        "请选择安装位置",
        "{{ $t('devicesCreate.__118') }}"
      ],
      "script": false
    },
    "126": {
      "key": "deviceID",
      "value": "设备编号",
      "template": [
        "label=\"设备编号\"",
        ":label=\"$t('devicesCreate.deviceID')\""
      ],
      "script": false
    },
    "139": {
      "key": "token",
      "value": "设备密钥",
      "template": [
        "label=\"设备密钥\"",
        ":label=\"$t('devicesCreate.token')\""
      ],
      "script": false
    },
    "152": {
      "key": "authType",
      "value": "认证方式",
      "template": [
        "label=\"认证方式\"",
        ":label=\"$t('devicesCreate.authType')\""
      ],
      "script": false
    },
    "157": {
      "key": "__157",
      "value": "请选择",
      "template": [
        "请选择",
        "{{ $t('devicesCreate.__157') }}"
      ],
      "script": false
    },
    "171": {
      "key": "__171",
      "value": "完成",
      "template": [
        "完成",
        "{{ $t('devicesCreate.__171') }}"
      ],
      "script": false
    },
    "177": {
      "key": "__177",
      "value": "下一步",
      "template": [
        "下一步",
        "{{ $t('devicesCreate.__177') }}"
      ],
      "script": false
    },
    "185": {
      "key": "__185",
      "value": "返回上一步",
      "template": [
        "返回上一步",
        "{{ $t('devicesCreate.__185') }}"
      ],
      "script": false
    },
    "225": {
      "key": "__225",
      "value": "请输入设备名称",
      "template": [
        "'请输入设备名称'",
        "this.$t('devicesCreate.__225')",
        "__225"
      ],
      "script": true
    },
    "228": {
      "key": "__228",
      "value": "请选择所属产品",
      "template": [
        "'请选择所属产品'",
        "this.$t('devicesCreate.__228')",
        "__228"
      ],
      "script": true
    },
    "231": {
      "key": "__231",
      "value": "请选择设备类型",
      "template": [
        "'请选择设备类型'",
        "this.$t('devicesCreate.__231')",
        "__231"
      ],
      "script": true
    },
    "234": {
      "key": "__234",
      "value": "请选择认证方式",
      "template": [
        "'请选择认证方式'",
        "this.$t('devicesCreate.__234')",
        "__234"
      ],
      "script": true
    },
    "249": {
      "key": "__249",
      "value": "请选择认证方式",
      "template": [
        "'请选择认证方式'",
        "this.$t('devicesCreate.__249')",
        "__249"
      ],
      "script": true
    },
    "265": {
      "key": "__265",
      "value": "新建成功",
      "template": [
        "'新建成功'",
        "this.$t('devicesCreate.__265')",
        "__265"
      ],
      "script": true
    },
    "270": {
      "key": "__270",
      "value": "创建设备失败",
      "template": [
        "'创建设备失败'",
        "this.$t('devicesCreate.__270')",
        "__270"
      ],
      "script": true
    },
    "272": {
      "key": "__272",
      "value": "创建设备失败",
      "template": [
        "'创建设备失败'",
        "this.$t('devicesCreate.__272')",
        "__272"
      ],
      "script": true
    }
  },
  "key": {
    "__4": "设备",
    "__5": "新建",
    "__14": "设备信息",
    "__19": "认证信息",
    "__36": "请输入设备名称",
    "__42": "或",
    "__45": "新建产品",
    "__53": "请选择",
    "__64": "请选择",
    "__73": "请输入制造商",
    "__82": "请输入序列号",
    "__91": "请输入软件版本",
    "__100": "请输入硬件版本",
    "__106": "描述",
    "__109": "请添加描述",
    "__118": "请选择安装位置",
    "__157": "请选择",
    "__171": "完成",
    "__177": "下一步",
    "__185": "返回上一步",
    "__225": "请输入设备名称",
    "__228": "请选择所属产品",
    "__231": "请选择设备类型",
    "__234": "请选择认证方式",
    "__249": "请选择认证方式",
    "__265": "新建成功",
    "__270": "创建设备失败",
    "__272": "创建设备失败"
  },
  "zhCode": {
    "__4": "设备",
    "__5": "新建",
    "__14": "设备信息",
    "__19": "认证信息",
    "deviceName": "设备名称",
    "__36": "请输入设备名称",
    "__42": "或",
    "__45": "新建产品",
    "productID": "所属产品",
    "__53": "请选择",
    "deviceType": "设备类型",
    "__64": "请选择",
    "manufacturer": "制造商",
    "__73": "请输入制造商",
    "serialNumber": "序列号",
    "__82": "请输入序列号",
    "softVersion": "软件版本",
    "__91": "请输入软件版本",
    "hardwareVersion": "硬件版本",
    "__100": "请输入硬件版本",
    "__106": "描述",
    "__109": "请添加描述",
    "location": "安装位置",
    "__118": "请选择安装位置",
    "deviceID": "设备编号",
    "token": "设备密钥",
    "authType": "认证方式",
    "__157": "请选择",
    "__171": "完成",
    "__177": "下一步",
    "__185": "返回上一步",
    "__225": "请输入设备名称",
    "__228": "请选择所属产品",
    "__231": "请选择设备类型",
    "__234": "请选择认证方式",
    "__249": "请选择认证方式",
    "__265": "新建成功",
    "__270": "创建设备失败",
    "__272": "创建设备失败"
  },
  "enCode": {
    "__4": "设备",
    "__5": "新建",
    "__14": "设备信息",
    "__19": "认证信息",
    "deviceName": "Device Name",
    "__36": "请输入设备名称",
    "__42": "或",
    "__45": "新建产品",
    "productID": "ProductID",
    "__53": "请选择",
    "deviceType": "Device Type",
    "__64": "请选择",
    "manufacturer": "Manufacturer",
    "__73": "请输入制造商",
    "serialNumber": "Serial Number",
    "__82": "请输入序列号",
    "softVersion": "Soft Version",
    "__91": "请输入软件版本",
    "hardwareVersion": "Hardware Version",
    "__100": "请输入硬件版本",
    "__106": "描述",
    "__109": "请添加描述",
    "location": "Location",
    "__118": "请选择安装位置",
    "deviceID": "DeviceID",
    "token": "Token",
    "authType": "Auth Type",
    "__157": "请选择",
    "__171": "完成",
    "__177": "下一步",
    "__185": "返回上一步",
    "__225": "请输入设备名称",
    "__228": "请选择所属产品",
    "__231": "请选择设备类型",
    "__234": "请选择认证方式",
    "__249": "请选择认证方式",
    "__265": "新建成功",
    "__270": "创建设备失败",
    "__272": "创建设备失败"
  }
}